<?xml version="1.0" encoding="UTF-8" ?>
<!DOCTYPE struts-config PUBLIC
  "-//Apache Software Foundation//DTD Struts Configuration 1.3//EN"
  "http://struts.apache.org/dtds/struts-config_1_3.dtd">
<struts-config>

	<!-- from Bean Definitions -->
	<form-beans>
	<form-bean name="loginForm" type="jp.co.cosmos.form.LoginForm" />
	<form-bean name="insertForm" type="jp.co.cosmos.form.InsertForm" />
	<form-bean name="searchForm" type="jp.co.cosmos.form.SearchForm" />
	<form-bean name="showUpdateForm" type="jp.co.cosmos.form.ShowUpdateForm" />
	<form-bean name="updateForm" type="jp.co.cosmos.form.UpdateForm" />
	<form-bean name="deleteForm" type="jp.co.cosmos.form.DeleteForm" />
	</form-beans>

	<!-- ========================= Global Exception Definitions -->
	<global-exceptions>
	</global-exceptions>
	<!-- ========================= Global Forward Definitions -->
	<global-forwards>
	<forward name="error" path="/pages/error.jsp" />
	</global-forwards>
	<!-- ========================= Action Mapping Definitions -->
	<action-mappings>

	<action path="/list"
				scope="request"
				input="/pages/menu.jsp"
				type="jp.co.cosmos.action.ListAction">
			<forward name="success" path="/pages/list.jsp" />
			<forward name="failure" path="/pages/menu.jsp" />
	</action>

	<action path="/delete"
				scope="request"
				name="deleteForm"
				input="/pages/search.jsp"
				type="jp.co.cosmos.action.DeleteAction">
			<forward name="success" path="/pages/menu.jsp" />
			<forward name="failure" path="/pages/menu.jsp" />
	</action>

	<action path="/update"
				scope="request"
				name="updateForm"
				input="/pages/search.jsp"
				type="jp.co.cosmos.action.UpdateAction">
			<forward name="success" path="/pages/menu.jsp" />
			<forward name="failure" path="/pages/menu.jsp" />
	</action>

	<action path="/Modoru"
				scope="request"
				input="/pages/menu.jsp"
				type="jp.co.cosmos.action.BackMenuAction">
			<forward name="success" path="/pages/menu.jsp" />
	</action>

	<action path="/showSearch"
				scope="request"
				input="/pages/menu.jsp"
				type="jp.co.cosmos.action.ShowSearchAction">
			<forward name="success" path="/pages/search.jsp" />
			<forward name="failure" path="/pages/menu.jsp" />
	</action>
	<action path="/showUpdate"
				name="showUpdateForm"
				scope="request"
				input="/pages/search.jsp"
				type="jp.co.cosmos.action.ShowUpdateAction">
			<forward name="success" path="/pages/update.jsp" />
	</action>

	<action path="/kensaku"
				name="searchForm"
				scope="request"
				input="/pages/search.jsp"
				type="jp.co.cosmos.action.SearchAction">
			<forward name="success" path="/pages/search.jsp" />
			<forward name="failure" path="/pages/menu.jsp" />
	</action>

	<action path="/search"
				name="insertForm"
				scope="request"
				input="/pages/insert.jsp"
				type="jp.co.cosmos.action.InsertAction">
			<forward name="success" path="/pages/menu.jsp" />
			<forward name="failure" path="/pages/insert.jsp" />
	</action>

	<action path="/insert"
				scope="request"
				input="/pages/menu.jsp"
				type="jp.co.cosmos.action.ShowInsertAction">
			<forward name="success" path="/pages/insert.jsp" />

	</action>
	<action path="/login"
				name="loginForm"
				scope="session"
				input="/pages/login.jsp"
				type="jp.co.cosmos.action.LoginAction">
			<forward name="success" path="/pages/menu.jsp" />
			<forward name="failure" path="/pages/login.jsp" />
	</action>

	</action-mappings>
	<!-- ========================== Message Resources Definitions -->
	<message-resources parameter="MessageResources" />
	<!-- ========================== Plug Ins Configuration -->
	<!-- ========================== Tiles plugin -->
	<!-- ========================== Validator plugin -->

</struts-config>